j85e5g,0.0,0,0.0,83,0
j8ac2j,0.0,0,0.0,1,0
j8b478,0.25,1,0.0390625,14,0
j8f6j4,0.0,0,0.0,1,0
j8kbg0,0.0,0,0.0,4,0
j8nwca,0.5,0,0.0,1,0
j8yys8,0.0,3,0.0,185,0
j8z3as,0.6224747474747475,4,0.06997245179063359,21,0
j9i6j3,0.0,0,0.0,1,0
ja4n36,0.507,7,-0.04299999999999999,34,0
ja75r4,0.35,1,0.35,11,1
jaa9f2,0.0,0,0.0,4,0
jacu3w,0.0,2,0.0,7,0
jag6km,0.0,0,0.0,26,0
jahb03,0.5,1,0.55,10,0
jamqvy,0.0,0,0.0,6,0
jann57,0.5390972222222222,0,0.20207031250000002,3,0
jaqvrp,0.0,0,0.0,1,0
jauh27,0.0,3,0.0,73,0
jav7xr,0.0,0,0.0,1,0
jaxsny,0.0,0,0.0,1,0
jb1yta,0.33,0,0.0,8,0
jba2s7,0.0,1,0.0,13,0
jbbo4s,0.5341666666666667,3,0.15791666666666665,165,0
jbbrtg,0.0,5,0.0,17,0
jbc0aq,0.6944444444444445,0,-0.3055555555555555,26,0
jbc5hi,0.40499999999999997,0,-0.04,5,0
jbdft3,0.0,0,0.0,2,0
jbg9jr,0.0,0,0.0,7,0
jbqmlv,0.55,0,-0.125,1,0
jbrklo,0.46875,4,0.10625000000000001,47,0
jbs7xf,0.0,0,0.0,1,0
jbskbc,0.0,0,0.0,1,0
jbtiz9,0.5599999999999999,0,0.2,4,0
jbu1fa,0.3,0,0.06666666666666667,14,0
jbuxpg,0.0,0,0.0,80,0
jbvd8b,0.4687736742424243,2,-0.050071022727272735,14,0
jbweqk,0.6583333333333333,5,0.06759259259259258,75,0
jbxbny,0.5382575757575756,4,0.006628787878787881,17,0
jc0zjd,0.575,1,0.5625,11,0
jc6khl,0.6,0,-0.9765625,9,0
jc891f,0.0,0,0.0,80,0
jc9lfn,0.0,0,0.0,2,0
jcb8nu,0.0,0,0.0,75,0
jcime1,0.0,5,0.0,157,0
jcmiro,0.3,0,0.55,5,0
jctq22,0.0,0,0.0,1,0
jcu1bt,0.0,0,0.0,2,0
jcuv46,0.0,1,0.0,147,0
jd09ex,0.0,0,0.0,8,0
jd4te4,0.0,0,0.0,141,0
jd68lb,0.0,0,0.0,5,0
jd6ew2,0.0,0,0.0,1,0
jd7kly,0.34294871794871795,0,-0.23557692307692304,26,0
jd7wwf,0.0,0,0.0,8,0
jd9zsv,0.9629629629629629,0,0.3,19,0
jda2ry,0.0,0,0.0,7,0
jdc5t3,0.0,3,0.0,16,0
jdls54,0.1,0,0.125,4,0
jdrgbg,0.5125,0,-0.11249999999999999,3,0
jdrtm4,0.0,0,0.0,23,0
jdv6v8,0.5926719576719576,1,0.09813492063492063,7,0
jdvtb1,0.0,0,0.0,32,0
jeqwfq,0.0,0,0.0,8,0
jererr,0.0,0,0.0,2,0
jesi6i,0.0,0,0.0,1,0
jeutjp,0.14444444444444446,0,0.08333333333333333,36,0
jex0k2,0.0,0,0.0,1,0
jeyomw,0.6018518518518517,0,-0.2268518518518519,4,0
jf07ev,0.5666666666666668,3,0.2877604166666667,16,0
jf0jx1,0.0,0,0.0,3,0
jf0men,0.0,0,0.0,4,0
jf2bqr,0.33787878787878795,3,0.09962121212121212,8,0
jf2i35,0.575,0,0.14666666666666667,11,0
jf3jja,0.6666666666666666,1,-0.6999999999999998,26,0
jf4csf,0.47232142857142856,3,0.29345238095238096,14,0
jf4ix3,0.25,1,0.18333333333333335,8,0
jf7pxr,0.0,1,0.0,9,0
jffhlt,0.30833333333333335,1,-0.049999999999999996,44,0
jfhgc2,0.0,4,0.0,39,0
jflgfp,0.2,1,0.2,1,0
jfnj5t,0.2671428571428571,0,0.23714285714285716,4,0
jfpdkk,0.0,0,0.0,1,0
jfq62q,0.0,0,0.0,3,0
jfqdj0,0.0,0,0.0,1,0
jfsgs9,0.46666666666666673,1,-0.008333333333333331,16,0
jfwis2,0.44757575757575757,2,0.13727272727272727,42,0
jg0l61,0.4821428571428571,2,0.037500000000000006,21,0
jg4vps,0.47857142857142865,1,0.17305194805194807,4,0
jg5m2d,0.49135802469135803,5,0.12777777777777777,19,0
jg61df,0.0,0,0.0,3,0
jg6e5i,0.6666666666666666,2,0.075,46,0
jg6o76,0.31,1,0.1125,7,0
jg7ffc,0.38541666666666663,1,0.165625,3,0
jg841x,0.0,2,0.0,8,0
jg8y6n,0.0,0,0.0,23,0
jgdj7f,1.0,0,0.1,10,0
jgds4b,0.0,0,0.0,0,0
