isqzsj,0.5449735449735449,0,0.151984126984127,4,0
issefj,0.5261234796949084,0,0.14529736136878993,11,0
iswb9f,0.0,0,0.0,5,0
isz6co,0.6333333333333333,1,-0.21666666666666667,6,0
it3k34,0.3707446808510638,1,0.038120567375886524,10,0
it4m2w,0.2708333333333333,0,-0.14583333333333331,38,0
it4tiq,0.20595238095238091,2,-0.013095238095238094,7,0
it5d1s,0.655625,2,0.20687499999999998,7,0
it5edz,0.41250000000000003,5,0.03333333333333333,39,0
it7exi,0.0,5,0.0,156,0
it8pz6,0.0,2,0.0,13,0
it90ew,0.0,10,0.0,25,0
it9vw3,0.5025000000000001,0,0.1775,3,0
itd29x,0.0,2,0.0,35,0
iteckv,0.20833333333333334,1,0.2111111111111111,4,0
itfetx,0.0,3,0.0,38,0
itflvm,0.5,0,0.5,7,0
itg543,0.0,0,0.0,1,0
ithn3c,0.4523809523809524,7,-0.009523809523809537,18,0
ithup0,0.0,0,0.0,2,0
itidw8,0.4159090909090909,1,-0.022727272727272728,4,0
itj6j8,0.2515151515151515,1,0.012121212121212116,4,0
itkt4m,0.4075757575757575,4,0.09204545454545454,28,0
itkv64,0.4,1,0.0,4,0
itlhxy,0.0,0,0.0,4,0
itlokv,1.0,0,-0.1,86,0
itodl1,0.5416666666666666,0,0.24166666666666667,3,0
its1jd,0.0,2,0.0,31,0
itv0ms,0.39071428571428574,1,0.06285714285714286,5,0
itw5ql,0.5163835398318156,3,0.12397335423197492,8,1
itwboy,0.3678571428571429,1,0.26785714285714285,2,0
itznse,0.4772727272727272,3,0.12954545454545452,85,0
iu0euj,0.4818181818181818,5,0.042045454545454546,43,0
iu2ymz,0.5277777777777778,3,0.0,12,0
iu4gnz,0.635064935064935,0,0.04415584415584417,36,0
iue7db,0.4527777777777778,2,-0.019444444444444448,6,0
iued3h,0.0,0,0.0,7,0
iuerhq,0.26845238095238094,2,0.047619047619047616,5,0
iug1k2,0.0,0,0.0,1,0
iuhjjq,0.4066666666666666,0,0.1,7,0
iuhxqt,0.71875,2,0.09375,15,0
iuivwo,0.5607142857142857,6,0.2303571428571429,12,0
iuj03n,0.30666666666666664,0,0.17,3,0
iulx9c,0.4617888064316636,0,-0.02278138528138529,44,0
iulz0b,0.30277777777777776,1,0.008333333333333331,6,0
iumegp,0.5054029304029305,5,0.06698717948717949,25,0
iunu9a,0.6666666666666666,0,0.08333333333333333,12,0
iuott9,0.4102380952380953,3,0.06190476190476191,19,0
iusam9,0.6318376068376069,15,-0.024038461538461547,39,0
iv2nvr,0.5583333333333333,2,0.125,14,0
iv3acn,0.0,0,0.0,1,0
iv40kq,0.3595238095238095,5,0.14761904761904762,12,0
iv53rx,0.0,2,0.0,5,0
iv545y,0.46041666666666664,0,-0.02291666666666667,3,0
iv5e8c,0.5708333333333333,1,0.13842592592592592,61,0
iv62c7,0.41346153846153844,15,0.10416666666666667,51,1
iv6jds,0.0,2,0.0,21,0
iv7ew3,0.0,0,0.0,1,0
iv7ve0,0.41904761904761906,1,0.03412698412698414,3,0
iv8ecs,0.0,11,0.0,207,0
iv9gxq,0.0,0,0.0,1,0
iv9u3v,0.0,3,0.0,14,0
ivandu,0.44114906832298134,1,0.05854037267080746,5,1
ivem0u,0.5302566481137909,4,0.08371985157699444,10,0
ivi7oi,0.5876190476190477,0,0.10285714285714287,2,0
ivjq43,0.25,0,-0.05555555555555556,1,0
ivkg1r,0.0,0,0.0,0,0
ivlb9y,0.0,1,0.0,7,0
ivowo4,0.42944444444444446,2,0.16361111111111112,21,0
ivqvle,0.4493867243867244,0,0.14162157287157287,2,0
ivqw6d,0.0,10,0.0,243,0
ivro99,0.0,0,0.0,2,0
ivrpbp,0.3125,1,0.25,36,0
ivrt1g,0.0,0,0.0,14,0
ivsc62,0.5192307692307693,1,0.10054945054945057,71,0
ivtfui,0.5734126984126984,0,0.08928571428571429,3,0
ivuqh6,0.4642547928262214,3,0.2326891362605648,17,0
ivw157,0.21666666666666667,4,0.16666666666666666,25,0
ivxxlp,0.45646258503401355,5,0.04880952380952382,12,0
ivybc3,0.0,0,0.0,16,0
ivzqgk,0.5725,0,0.04,7,0
iw0i9p,0.4021005509641873,1,0.016615013774104685,91,0
iw5mr6,0.0,0,0.0,2,0
iw5u2a,0.3526515151515152,2,0.06392045454545454,8,0
iw8hri,0.4175,2,-0.12250000000000001,6,0
iwb47g,0.390358126721763,5,0.16453168044077138,126,0
iwbxkv,0.6111111111111112,1,0.14269972451790633,4,0
iwcwba,0.3333333333333333,1,0.16666666666666666,8,0
iwm8pb,0.31428571428571433,6,-0.05714285714285714,16,0
iwmjt5,0.0,0,0.0,14,0
iwp370,0.31875,4,-0.13125,23,0
iwqzvg,0.0,0,0.0,1,0
iwr1iu,0.0,4,0.0,77,0
iwrv2q,0.275,3,-0.09999999999999999,8,1
iwtdcf,0.05,1,0.0,6,0
iwxpw1,0.3,0,1.0,4,0
iwxzgi,0.27777777777777773,0,0.11111111111111112,4,0
iwzj31,0.6389455782312926,3,0.26908163265306123,10,0
ix1pno,0.31666666666666665,0,-0.01666666666666667,8,0
ix29aj,0.5173333333333333,2,0.1152,34,0
