isrcdw,0.0,0,0.0,6,0
iss2nx,0.0,0,0.0,2,0
iss4mz,0.6083333333333333,0,0.2,7,1
issdx2,0.0,0,0.0,2,0
issqi0,0.46272175536881427,2,0.1860819327731092,15,0
istfhw,0.0,0,0.0,1,0
isu43h,0.225,1,0.125,5,0
isuhma,0.5370535714285714,0,0.07142857142857142,5,0
isvip5,0.0,0,0.0,9,0
iswj3o,0.0,0,0.0,7,0
iswt4m,0.0,0,0.0,0,0
isx7os,0.0,0,0.0,2,0
isyjfo,0.625,1,0.2090909090909091,20,1
isz3qy,0.0,0,0.0,3,0
iszy97,0.0,1,0.0,3,0
it0ccc,0.0,1,0.0,8,0
it0mzx,0.40448717948717955,0,0.3083333333333333,247,0
it1mhz,0.0,0,0.0,2,0
it1wt2,0.0,1,0.0,52,0
it1y5c,0.4444444444444444,0,0.25,6,0
it2t7t,0.5101851851851852,0,-0.025000000000000005,9,0
it81yv,0.39,0,0.19,26,0
it9ft8,0.0,0,0.0,2,0
it9o79,0.35,0,0.1,7,0
itaaw8,0.0,0,0.0,5,0
itaqmm,0.0,1,0.0,3,0
itau5w,0.0,0,0.0,2,1
itb7bd,0.44393939393939397,1,-0.08333333333333336,56,0
itb9fw,0.6011904761904763,3,-0.05357142857142857,33,0
itbkgl,0.0,0,0.0,2,0
itbt9z,0.5888888888888889,0,-0.22499999999999995,21,1
itcgye,0.4,3,0.020000000000000007,15,0
itchhf,0.0,1,0.0,268,0
itckuc,0.6848484848484849,5,0.11212121212121212,22,0
itct00,0.0,0,0.0,2,0
itd47o,0.0,0,0.0,3,0
itd9rl,0.0,0,0.0,2,0
itdq15,0.0,0,0.0,4,0
ite10x,0.0,0,0.0,2,0
ite8pd,0.65,0,-0.24375000000000002,8,0
iteoox,0.3875,1,0.013541666666666665,5,0
itfd3b,0.0,0,0.0,2,0
ithupe,0.0,0,0.0,2,0
iti0ya,0.37793650793650796,1,0.06904761904761902,10,0
itisg5,0.0,0,0.3,8,0
itjv8o,0.0,0,0.0,2,0
itk3pd,1.0,3,0.5,253,0
itkbof,0.475,0,0.11354166666666668,13,0
itkkix,0.0,0,0.0,2,0
itkuad,0.0,0,0.0,10,0
itl0ct,1.0,2,-0.1,12,0
itld38,0.0,0,0.0,51,0
itlmow,0.0,0,0.0,1,0
itlxgw,0.3822916666666667,0,0.04583333333333333,10,0
itlxsa,0.0,0,0.0,2,0
itm0wx,0.45,0,0.05,14,0
itmadj,0.0,0,0.0,1,0
itmbk7,0.0,0,0.0,1,0
itmbp1,0.0,0,0.0,1,0
itn9um,0.5636363636363636,0,0.20757575757575755,4,0
itnfj6,0.43734567901234567,0,-0.023611111111111124,10,0
itol3q,0.2125,0,-0.078125,111,0
itosrn,0.0,0,0.0,3,0
itqmfp,0.0,0,0.0,8,0
itrovu,0.5375,1,-0.02500000000000001,9,0
its4vr,0.0,0,0.0,1,0
ituwc3,0.0,0,0.0,2,0
itvagi,0.0,0,0.0,0,0
itwcaf,0.3967787114845938,3,0.10672268907563026,78,0
itxtuf,0.0,0,0.0,2,0
itz1k3,0.0,0,0.0,2,0
itzb4h,0.0,1,0.0,4,0
itzloj,0.0,0,0.0,14,0
itzn58,0.0,0,0.0,3,0
itzpi6,0.0,3,0.0,7,0
itzu5y,0.4,1,0.175,9,0
iu00o0,0.0,0,0.0,2,0
iu0rbl,0.0,0,0.0,7,0
iu14us,0.26,0,0.12,9,0
iu2obh,0.0,0,0.0,1,0
iu32cc,0.6424603174603174,1,0.024999999999999998,10,0
iu3hih,0.0,0,0.0,2,0
iu3qsi,0.0,0,0.0,71,0
iu4lhh,0.37633928571428577,3,-0.011302759740259745,42,0
iu6yc9,0.0,0,0.0,9,0
iu76qr,0.0,0,0.0,8,0
iu86qk,0.5,0,0.5,2,0
iu8pp6,0.0,2,0.0,7,0
iua51t,0.5330128205128204,0,-0.016314102564102553,57,1
iuaxnw,0.0,0,0.0,9,0
iubbnh,0.0,0,0.0,1,0
iubou2,0.0,0,0.0,5,0
iubt5z,0.0,0,0.0,1,0
iubv8d,0.9,0,0.65,16,0
iuc3m8,0.40833333333333327,0,0.13333333333333333,23,0
iucez3,0.0,0,0.0,1,0
iucymt,0.0,0,0.0,5,1
iud10m,0.0,0,0.0,2,0
iud59o,0.0,0,0.0,2,0
iudc7q,0.0,0,0.0,2,0
