isrjlk,0.6000000000000001,0,0.7,2,0
isrzy3,0.0,0,0.0,1,0
issep4,0.5,1,0.05000000000000002,3,0
issrm9,0.45,0,0.3125,1,0
istbh5,0.0,0,0.0,2,0
istx4p,0.47500000000000003,0,0.525,1,0
isu0zf,0.5476190476190477,0,0.3083333333333333,2,0
iswmgy,0.0,0,0.0,4,0
isyi94,0.03333333333333333,0,0.0,2,0
isyy06,0.34,3,0.2575,9,0
iszhl4,0.42743589743589744,0,0.2533333333333333,1,1
it076v,0.4,2,-0.2,5,0
it0jby,0.20000000000000004,1,0.06666666666666667,4,0
it1hkp,0.4,0,0.35,1,0
it2ugz,0.55,0,0.3,2,1
it359v,0.0,0,0.0,2,0
it3gio,0.42916666666666664,2,-0.21374999999999997,9,0
it7px2,0.6444444444444445,0,0.24722222222222223,1,0
it805e,0.6606060606060606,0,0.2818181818181818,49,0
it9e71,0.6904761904761904,0,-0.0744047619047619,0,0
it9ql0,0.3333333333333333,0,0.25,3,0
it9xyk,0.0,0,0.0,5,0
it9zs4,0.0,0,0.0,1,0
itb552,0.0,0,0.0,10,0
itbr61,0.39479316979316986,0,0.23180916305916308,0,0
itbre7,0.0,1,0.0,1,0
itc382,0.0,0,0.0,3,0
itcpau,0.3192307692307692,0,0.1340909090909091,2,0
itene9,0.5,0,0.05000000000000002,5,0
itf3rz,0.4780952380952381,0,0.10404761904761906,24,0
itgwor,1.0,1,0.0,3,0
ithzv5,0.7,1,-0.4,6,0
iti1r3,0.0,0,0.0,2,0
iti45s,0.0,0,0.0,3,0
itiqph,0.0,0,0.0,0,0
itkb48,0.375,0,-0.125,1,0
itkf4l,0.4225,3,0.21500000000000002,26,0
itkmpu,0.0,0,0.0,1,0
itlz7g,0.0,0,0.0,2,0
itmldt,1.0,1,0.0,4,0
itn5qj,0.0,0,0.0,1,0
ito7n2,0.45370370370370366,0,0.07777777777777778,4,0
itpxtx,0.0,0,0.0,1,0
itsohn,0.0,0,0.0,4,0
itughg,0.3333333333333333,0,0.25,9,2
itxfyp,0.0,0,0.0,2,0
itxsog,0.3591478696741855,4,0.11432748538011694,66,1
itzi80,0.30416666666666664,2,0.09583333333333333,6,0
itzs95,0.3181818181818182,0,0.06628787878787878,4,0
iu06x2,0.0,0,0.0,4,0
iu0nua,0.5,2,0.5,6,0
iu1h8g,0.0,0,0.0,1,0
iu443e,0.1824074074074074,1,0.05462962962962962,3,0
iu4shp,0.0,0,0.0,1,0
iu5cu6,0.0,0,0.0,7,0
iu5u43,0.37857142857142856,4,0.1571428571428571,15,0
iu5vvb,0.6377777777777778,0,0.27,2,0
iu88oi,0.0,0,0.0,8,0
iu9fgh,0.0,0,0.0,11,0
iua2xh,0.375551948051948,0,0.06191558441558441,1,0
iucb01,0.0,0,0.0,1,0
iuf51f,0.35833333333333334,2,0.0625,5,0
iujggc,0.0,0,0.0,6,0
iujzbc,0.6,1,-0.1,12,0
iuk79y,0.6100000000000001,1,0.08333333333333334,8,0
iul3nj,0.0,0,0.0,139,0
iuld7n,0.0,2,0.0,7,0
iulhum,0.0,0,0.0,1,0
iun0ac,0.0,2,0.0,302,0
iunkgo,0.0,0,0.0,3,0
iunyhy,0.0,0,0.0,6,0
iunyxz,0.5116666666666666,0,0.175,4,0
iunzv4,0.5573232323232323,3,0.38712121212121214,11,0
iuohen,0.0,0,0.0,58,0
iuojmh,0.18958333333333333,1,0.125,4,0
iuoxl4,0.0,0,0.0,1,0
iuoz7d,0.0,0,0.0,1,0
iuph1g,0.0,1,0.0,20,0
iuqxrv,0.6875,1,0.29166666666666663,7,0
iurbte,0.35,0,0.125,16,0
iuvc65,0.5357142857142857,5,0.2857142857142857,11,0
iv5jks,0.0,0,0.0,3,0
iv62vz,0.5875,0,0.2625,8,0
iv64jy,0.35833333333333334,1,0.21875,4,0
iv8m47,0.2,0,0.2,1,0
iv9212,0.43863636363636366,1,0.2590909090909091,10,0
iv9p95,0.2,1,0.2,3,0
ivalrc,0.27499999999999997,0,-0.03333333333333332,1,0
ivams1,0.2,0,0.2,1,0
ivb4y7,0.3888888888888889,0,0.31666666666666665,1,0
ivb9eo,0.7361111111111112,0,0.06944444444444445,4,0
ivbgx1,0.0,0,0.0,2,0
ivblfy,0.3,0,0.0,4,0
ivbw6e,0.0,0,0.0,1,0
ivctb1,0.0,0,0.0,4,0
ivd9je,0.0,0,0.0,3,0
iveety,0.0,0,0.0,3,0
ivelvy,0.0,0,0.0,1,0
