israp1,0.0,0,0.0,1,0
issvkq,0.0,0,0.0,17,0
istmli,0.35,2,0.325,9,0
isubh5,0.0,0,0.0,1,0
isue01,0.3571428571428571,0,0.12714285714285714,20,0
iswira,0.8,0,0.35,2,0
iswkcj,0.875,0,0.5,1,0
iswnu3,0.0,0,0.0,1,0
isydpa,0.0,0,0.0,2,0
isz3jx,0.6388888888888888,0,-0.2833333333333333,2,0
iszwbl,0.0,1,0.0,7,0
it5ugw,0.2833333333333334,2,0.25442708333333336,48,0
it6vhy,0.0,0,0.0,1,0
itb9mh,0.6333333333333333,3,0.0,14,0
itb9wp,0.5542857142857143,0,0.3396703296703297,3,0
itbjbn,0.0,0,0.0,1,0
itbq1s,0.39479316979316986,0,0.23180916305916308,1,0
itbqhp,0.0,0,0.0,8,0
itdzbq,0.27999999999999997,3,0.18,10,0
ited9k,0.0,0,0.0,4,0
itew04,0.58125,1,0.012678571428571428,140,0
itezt0,0.25,0,0.12000000000000002,6,0
itfynd,0.0,0,0.0,0,0
itfyrk,0.0,0,0.0,1,0
itg0c9,0.0,0,0.0,1,0
itg629,0.0,0,0.0,1,0
itg7nn,0.53,1,0.2375,7,0
ithzk5,0.22777777777777777,5,-0.03333333333333333,13,0
itjmbc,0.0,0,0.0,5,0
itn5bq,0.0,0,0.0,1,0
itool9,0.0,0,0.0,74,0
ityug6,0.4,0,0.0,2,0
ityvma,0.5028581267217631,0,0.1550619834710744,5,0
iu1m3u,0.8333333333333334,5,0.0,26,0
iu2udk,0.0,0,0.0,37,0
iu3adj,0.0,0,0.0,1,0
iu3ehz,0.0,0,0.0,19,0
iu3fes,0.0,0,0.0,0,0
iu3fnl,0.0,0,0.0,23,0
iu3ifv,0.0,0,0.0,7,0
iu43gd,0.3969135802469136,0,0.22469135802469134,5,0
iu4cci,0.62,0,0.24,1,0
iu83r6,0.5874999999999999,2,0.4375,6,0
iub829,0.0,0,0.0,1,0
iuc3ft,0.5944444444444444,0,0.0,2,0
iujc1h,0.3458333333333333,4,-0.125,39,0
iul0ac,0.35500000000000004,0,0.08892857142857144,12,0
iuo4n5,0.0,0,0.0,4,0
iuolpo,0.2,0,0.1,124,0
iv8kbj,0.0,1,0.0,184,0
iv8utq,0.0,0,0.0,155,0
ivawtl,0.0,0,0.0,14,0
ivb8pf,0.0,0,0.0,39,0
ivc6oa,0.0,0,0.0,11,0
ivczs8,0.0,0,0.0,12,0
ivhbe9,0.5995714285714286,2,0.18823809523809526,9,0
iviejf,0.42166666666666663,1,0.08333333333333333,55,0
ivlnli,0.0,0,0.0,19,0
ivu93p,0.0,0,0.0,96,0
ivv5nd,0.5,0,0.5,5,0
ivwj3d,0.4600000000000001,0,-0.017500000000000005,13,0
iw0bmv,0.9,0,0.7,8,0
iw4k9z,0.5069196428571429,0,0.05364583333333333,2,0
iw4tlw,0.5416666666666666,1,-0.2916666666666667,3,0
iw7a46,0.0,0,0.0,13,0
iw9dy2,0.0,0,0.0,94,0
iwbplo,0.0,0,0.0,1,0
iwc0ti,0.0,4,0.0,18,0
iwcc9e,0.41805555555555557,1,-0.059722222222222225,7,0
iwgoqx,0.0,0,0.0,6,0
iwkhrl,0.26666666666666666,2,0.225,10,0
iwmo4t,0.0,1,0.0,52,0
iwv4xe,0.7083333333333334,0,-0.16666666666666666,5,0
ix2hpu,0.0,0,0.0,1,0
ix2pre,0.4553030303030303,0,0.19545454545454544,7,0
ix3der,0.4493201243201243,0,0.09853535353535353,34,0
ix3o0k,0.0,0,0.0,1,0
ix499h,0.0,0,0.0,86,0
ix6urj,0.0,0,0.0,29,0
ix7s9z,0.17777777777777778,0,0.27011718749999997,1,0
ixa8wh,0.0,0,0.0,3,0
ixfygu,0.6166666666666667,0,0.21666666666666665,4,0
ixs4gr,0.5144841269841269,1,0.07147197420634921,11,0
ixs9aj,0.0,0,0.0,101,0
ixukrc,0.0,0,0.0,32,0
ixxusm,0.7395833333333333,0,-0.15833333333333327,10,0
ixyy19,0.0,0,0.0,2,0
ixzvr8,0.24464285714285716,0,0.12976190476190474,2,0
iy0s6i,0.375,2,0.125,12,1
iy1sdc,0.0,0,0.0,1,0
iy24nj,0.0,0,0.0,1,0
iy32c9,0.0,0,0.0,1,0
iyddvf,0.0,0,0.0,46,0
iyeoq6,0.0,0,0.0,8,0
iyf54r,0.4083333333333333,0,-0.08499999999999999,15,0
